/*
Navicat MySQL Data Transfer

Source Server         : localhost
Source Server Version : 50722
Source Host           : localhost:3306
Source Database       : hdw_dubbo

Target Server Type    : MYSQL
Target Server Version : 50722
File Encoding         : 65001

Date: 2018-08-15 09:26:26
*/

SET FOREIGN_KEY_CHECKS=0;

-- ----------------------------
-- Table structure for locks
-- ----------------------------
DROP TABLE IF EXISTS `locks`;
CREATE TABLE `locks` (
  `application_id` varchar(255) NOT NULL,
  `expiration_date` datetime DEFAULT NULL,
  `unique_id` varchar(255) DEFAULT NULL,
  `lockVer` int(11) NOT NULL DEFAULT '0',
  PRIMARY KEY (`application_id`)
) ENGINE=MyISAM DEFAULT CHARSET=utf8;

-- ----------------------------
-- Records of locks
-- ----------------------------
INSERT INTO `locks` VALUES ('cas-ticket-registry-cleaner', null, null, '1');

-- ----------------------------
-- Table structure for qrtz_blob_triggers
-- ----------------------------
DROP TABLE IF EXISTS `qrtz_blob_triggers`;
CREATE TABLE `qrtz_blob_triggers` (
  `SCHED_NAME` varchar(120) NOT NULL,
  `TRIGGER_NAME` varchar(200) NOT NULL,
  `TRIGGER_GROUP` varchar(200) NOT NULL,
  `BLOB_DATA` blob,
  PRIMARY KEY (`SCHED_NAME`,`TRIGGER_NAME`,`TRIGGER_GROUP`),
  CONSTRAINT `qrtz_blob_triggers_ibfk_1` FOREIGN KEY (`SCHED_NAME`, `TRIGGER_NAME`, `TRIGGER_GROUP`) REFERENCES `qrtz_triggers` (`SCHED_NAME`, `TRIGGER_NAME`, `TRIGGER_GROUP`)
) ENGINE=InnoDB DEFAULT CHARSET=utf8;

-- ----------------------------
-- Records of qrtz_blob_triggers
-- ----------------------------

-- ----------------------------
-- Table structure for qrtz_calendars
-- ----------------------------
DROP TABLE IF EXISTS `qrtz_calendars`;
CREATE TABLE `qrtz_calendars` (
  `SCHED_NAME` varchar(120) NOT NULL,
  `CALENDAR_NAME` varchar(200) NOT NULL,
  `CALENDAR` blob NOT NULL,
  PRIMARY KEY (`SCHED_NAME`,`CALENDAR_NAME`)
) ENGINE=InnoDB DEFAULT CHARSET=utf8;

-- ----------------------------
-- Records of qrtz_calendars
-- ----------------------------

-- ----------------------------
-- Table structure for qrtz_cron_triggers
-- ----------------------------
DROP TABLE IF EXISTS `qrtz_cron_triggers`;
CREATE TABLE `qrtz_cron_triggers` (
  `SCHED_NAME` varchar(120) NOT NULL,
  `TRIGGER_NAME` varchar(200) NOT NULL,
  `TRIGGER_GROUP` varchar(200) NOT NULL,
  `CRON_EXPRESSION` varchar(200) NOT NULL,
  `TIME_ZONE_ID` varchar(80) DEFAULT NULL,
  PRIMARY KEY (`SCHED_NAME`,`TRIGGER_NAME`,`TRIGGER_GROUP`),
  CONSTRAINT `qrtz_cron_triggers_ibfk_1` FOREIGN KEY (`SCHED_NAME`, `TRIGGER_NAME`, `TRIGGER_GROUP`) REFERENCES `qrtz_triggers` (`SCHED_NAME`, `TRIGGER_NAME`, `TRIGGER_GROUP`)
) ENGINE=InnoDB DEFAULT CHARSET=utf8;

-- ----------------------------
-- Records of qrtz_cron_triggers
-- ----------------------------
INSERT INTO `qrtz_cron_triggers` VALUES ('SchedulerFactory', '异步任务', '异步任务', '0 */1 * * * ?', 'Asia/Shanghai');

-- ----------------------------
-- Table structure for qrtz_fired_triggers
-- ----------------------------
DROP TABLE IF EXISTS `qrtz_fired_triggers`;
CREATE TABLE `qrtz_fired_triggers` (
  `SCHED_NAME` varchar(120) NOT NULL,
  `ENTRY_ID` varchar(95) NOT NULL,
  `TRIGGER_NAME` varchar(200) NOT NULL,
  `TRIGGER_GROUP` varchar(200) NOT NULL,
  `INSTANCE_NAME` varchar(200) NOT NULL,
  `FIRED_TIME` bigint(13) NOT NULL,
  `SCHED_TIME` bigint(13) NOT NULL,
  `PRIORITY` int(11) NOT NULL,
  `STATE` varchar(16) NOT NULL,
  `JOB_NAME` varchar(200) DEFAULT NULL,
  `JOB_GROUP` varchar(200) DEFAULT NULL,
  `IS_NONCONCURRENT` varchar(1) DEFAULT NULL,
  `REQUESTS_RECOVERY` varchar(1) DEFAULT NULL,
  PRIMARY KEY (`SCHED_NAME`,`ENTRY_ID`)
) ENGINE=InnoDB DEFAULT CHARSET=utf8;

-- ----------------------------
-- Records of qrtz_fired_triggers
-- ----------------------------
INSERT INTO `qrtz_fired_triggers` VALUES ('SchedulerFactory', 'LENOVO-LEGION15342280283041534228027603', '异步任务', '异步任务', 'LENOVO-LEGION1534228028304', '1534228117637', '1534228140000', '5', 'ACQUIRED', null, null, '0', '0');

-- ----------------------------
-- Table structure for qrtz_job_details
-- ----------------------------
DROP TABLE IF EXISTS `qrtz_job_details`;
CREATE TABLE `qrtz_job_details` (
  `SCHED_NAME` varchar(120) NOT NULL,
  `JOB_NAME` varchar(200) NOT NULL,
  `JOB_GROUP` varchar(200) NOT NULL,
  `DESCRIPTION` varchar(250) DEFAULT NULL,
  `JOB_CLASS_NAME` varchar(250) NOT NULL,
  `IS_DURABLE` varchar(1) NOT NULL,
  `IS_NONCONCURRENT` varchar(1) NOT NULL,
  `IS_UPDATE_DATA` varchar(1) NOT NULL,
  `REQUESTS_RECOVERY` varchar(1) NOT NULL,
  `JOB_DATA` blob,
  PRIMARY KEY (`SCHED_NAME`,`JOB_NAME`,`JOB_GROUP`)
) ENGINE=InnoDB DEFAULT CHARSET=utf8;

-- ----------------------------
-- Records of qrtz_job_details
-- ----------------------------
INSERT INTO `qrtz_job_details` VALUES ('SchedulerFactory', '异步任务', '异步任务', null, 'com.hdw.job.task.job.ScheduledJob', '0', '1', '0', '0', 0xACED0005737200156F72672E71756172747A2E4A6F62446174614D61709FB083E8BFA9B0CB020000787200266F72672E71756172747A2E7574696C732E537472696E674B65794469727479466C61674D61708208E8C3FBC55D280200015A0013616C6C6F77735472616E7369656E74446174617872001D6F72672E71756172747A2E7574696C732E4469727479466C61674D617013E62EAD28760ACE0200025A000564697274794C00036D617074000F4C6A6176612F7574696C2F4D61703B787001737200116A6176612E7574696C2E486173684D61700507DAC1C31660D103000246000A6C6F6164466163746F724900097468726573686F6C6478703F4000000000000C7708000000100000000374000A6D6574686F644E616D6574000765786563757465740009636C6173734E616D65740018636F6D2E6864772E7461736B2E6A6F622E546573744A6F6274000E7363686564756C65456E7469747973720022636F6D2E6864772E7461736B2E656E746974792E5363686564756C65456E7469747900000000000000010200074C0009636C6173734E616D657400124C6A6176612F6C616E672F537472696E673B4C000E63726F6E45787072657373696F6E71007E000D4C000B6465736372697074696F6E71007E000D4C00086A6F6247726F757071007E000D4C00076A6F624E616D6571007E000D4C000A6D6574686F644E616D6571007E000D4C000673746174757371007E000D787071007E000A74000D30202A2F31202A202A202A203F7074000CE5BC82E6ADA5E4BBBBE58AA174000CE5BC82E6ADA5E4BBBBE58AA171007E0008740001317800);

-- ----------------------------
-- Table structure for qrtz_locks
-- ----------------------------
DROP TABLE IF EXISTS `qrtz_locks`;
CREATE TABLE `qrtz_locks` (
  `SCHED_NAME` varchar(120) NOT NULL,
  `LOCK_NAME` varchar(40) NOT NULL,
  PRIMARY KEY (`SCHED_NAME`,`LOCK_NAME`)
) ENGINE=InnoDB DEFAULT CHARSET=utf8;

-- ----------------------------
-- Records of qrtz_locks
-- ----------------------------
INSERT INTO `qrtz_locks` VALUES ('SchedulerFactory', 'STATE_ACCESS');
INSERT INTO `qrtz_locks` VALUES ('SchedulerFactory', 'TRIGGER_ACCESS');

-- ----------------------------
-- Table structure for qrtz_paused_trigger_grps
-- ----------------------------
DROP TABLE IF EXISTS `qrtz_paused_trigger_grps`;
CREATE TABLE `qrtz_paused_trigger_grps` (
  `SCHED_NAME` varchar(120) NOT NULL,
  `TRIGGER_GROUP` varchar(200) NOT NULL,
  PRIMARY KEY (`SCHED_NAME`,`TRIGGER_GROUP`)
) ENGINE=InnoDB DEFAULT CHARSET=utf8;

-- ----------------------------
-- Records of qrtz_paused_trigger_grps
-- ----------------------------

-- ----------------------------
-- Table structure for qrtz_scheduler_state
-- ----------------------------
DROP TABLE IF EXISTS `qrtz_scheduler_state`;
CREATE TABLE `qrtz_scheduler_state` (
  `SCHED_NAME` varchar(120) NOT NULL,
  `INSTANCE_NAME` varchar(200) NOT NULL,
  `LAST_CHECKIN_TIME` bigint(13) NOT NULL,
  `CHECKIN_INTERVAL` bigint(13) NOT NULL,
  PRIMARY KEY (`SCHED_NAME`,`INSTANCE_NAME`)
) ENGINE=InnoDB DEFAULT CHARSET=utf8;

-- ----------------------------
-- Records of qrtz_scheduler_state
-- ----------------------------
INSERT INTO `qrtz_scheduler_state` VALUES ('hdw-upms-Scheduler', 'LENOVO-LEGION1527911677692', '1527911978006', '20000');
INSERT INTO `qrtz_scheduler_state` VALUES ('RiskCollect-Scheduler', 'DESKTOP-FSS0DPP1527761116611', '1527761137019', '20000');
INSERT INTO `qrtz_scheduler_state` VALUES ('SchedulerFactory', 'LENOVO-LEGION1534228028304', '1534228123805', '20000');
INSERT INTO `qrtz_scheduler_state` VALUES ('SensorDA-Scheduler', 'ChenShi-PC1527149139127', '1527149179625', '20000');

-- ----------------------------
-- Table structure for qrtz_simple_triggers
-- ----------------------------
DROP TABLE IF EXISTS `qrtz_simple_triggers`;
CREATE TABLE `qrtz_simple_triggers` (
  `SCHED_NAME` varchar(120) NOT NULL,
  `TRIGGER_NAME` varchar(200) NOT NULL,
  `TRIGGER_GROUP` varchar(200) NOT NULL,
  `REPEAT_COUNT` bigint(7) NOT NULL,
  `REPEAT_INTERVAL` bigint(12) NOT NULL,
  `TIMES_TRIGGERED` bigint(10) NOT NULL,
  PRIMARY KEY (`SCHED_NAME`,`TRIGGER_NAME`,`TRIGGER_GROUP`),
  CONSTRAINT `qrtz_simple_triggers_ibfk_1` FOREIGN KEY (`SCHED_NAME`, `TRIGGER_NAME`, `TRIGGER_GROUP`) REFERENCES `qrtz_triggers` (`SCHED_NAME`, `TRIGGER_NAME`, `TRIGGER_GROUP`)
) ENGINE=InnoDB DEFAULT CHARSET=utf8;

-- ----------------------------
-- Records of qrtz_simple_triggers
-- ----------------------------

-- ----------------------------
-- Table structure for qrtz_simprop_triggers
-- ----------------------------
DROP TABLE IF EXISTS `qrtz_simprop_triggers`;
CREATE TABLE `qrtz_simprop_triggers` (
  `SCHED_NAME` varchar(120) NOT NULL,
  `TRIGGER_NAME` varchar(200) NOT NULL,
  `TRIGGER_GROUP` varchar(200) NOT NULL,
  `STR_PROP_1` varchar(512) DEFAULT NULL,
  `STR_PROP_2` varchar(512) DEFAULT NULL,
  `STR_PROP_3` varchar(512) DEFAULT NULL,
  `INT_PROP_1` int(11) DEFAULT NULL,
  `INT_PROP_2` int(11) DEFAULT NULL,
  `LONG_PROP_1` bigint(20) DEFAULT NULL,
  `LONG_PROP_2` bigint(20) DEFAULT NULL,
  `DEC_PROP_1` decimal(13,4) DEFAULT NULL,
  `DEC_PROP_2` decimal(13,4) DEFAULT NULL,
  `BOOL_PROP_1` varchar(1) DEFAULT NULL,
  `BOOL_PROP_2` varchar(1) DEFAULT NULL,
  PRIMARY KEY (`SCHED_NAME`,`TRIGGER_NAME`,`TRIGGER_GROUP`),
  CONSTRAINT `qrtz_simprop_triggers_ibfk_1` FOREIGN KEY (`SCHED_NAME`, `TRIGGER_NAME`, `TRIGGER_GROUP`) REFERENCES `qrtz_triggers` (`SCHED_NAME`, `TRIGGER_NAME`, `TRIGGER_GROUP`)
) ENGINE=InnoDB DEFAULT CHARSET=utf8;

-- ----------------------------
-- Records of qrtz_simprop_triggers
-- ----------------------------

-- ----------------------------
-- Table structure for qrtz_triggers
-- ----------------------------
DROP TABLE IF EXISTS `qrtz_triggers`;
CREATE TABLE `qrtz_triggers` (
  `SCHED_NAME` varchar(120) NOT NULL,
  `TRIGGER_NAME` varchar(200) NOT NULL,
  `TRIGGER_GROUP` varchar(200) NOT NULL,
  `JOB_NAME` varchar(200) NOT NULL,
  `JOB_GROUP` varchar(200) NOT NULL,
  `DESCRIPTION` varchar(250) DEFAULT NULL,
  `NEXT_FIRE_TIME` bigint(13) DEFAULT NULL,
  `PREV_FIRE_TIME` bigint(13) DEFAULT NULL,
  `PRIORITY` int(11) DEFAULT NULL,
  `TRIGGER_STATE` varchar(16) NOT NULL,
  `TRIGGER_TYPE` varchar(8) NOT NULL,
  `START_TIME` bigint(13) NOT NULL,
  `END_TIME` bigint(13) DEFAULT NULL,
  `CALENDAR_NAME` varchar(200) DEFAULT NULL,
  `MISFIRE_INSTR` smallint(2) DEFAULT NULL,
  `JOB_DATA` blob,
  PRIMARY KEY (`SCHED_NAME`,`TRIGGER_NAME`,`TRIGGER_GROUP`),
  KEY `SCHED_NAME` (`SCHED_NAME`,`JOB_NAME`,`JOB_GROUP`) USING BTREE,
  CONSTRAINT `qrtz_triggers_ibfk_1` FOREIGN KEY (`SCHED_NAME`, `JOB_NAME`, `JOB_GROUP`) REFERENCES `qrtz_job_details` (`SCHED_NAME`, `JOB_NAME`, `JOB_GROUP`)
) ENGINE=InnoDB DEFAULT CHARSET=utf8;

-- ----------------------------
-- Records of qrtz_triggers
-- ----------------------------
INSERT INTO `qrtz_triggers` VALUES ('SchedulerFactory', '异步任务', '异步任务', '异步任务', '异步任务', null, '1534228140000', '1534228080000', '5', 'ACQUIRED', 'CRON', '1527911789000', '0', null, '0', '');

-- ----------------------------
-- Table structure for regexregisteredservice
-- ----------------------------
DROP TABLE IF EXISTS `regexregisteredservice`;
CREATE TABLE `regexregisteredservice` (
  `expression_type` varchar(15) NOT NULL DEFAULT 'ant',
  `id` bigint(20) NOT NULL AUTO_INCREMENT,
  `access_strategy` longblob,
  `attribute_release` longblob,
  `description` varchar(255) DEFAULT NULL,
  `evaluation_order` int(11) NOT NULL,
  `informationUrl` varchar(255) DEFAULT NULL,
  `logo` varchar(255) DEFAULT NULL,
  `logout_type` int(11) DEFAULT NULL,
  `logout_url` varchar(255) DEFAULT NULL,
  `mfa_policy` longblob,
  `name` varchar(255) NOT NULL,
  `privacyUrl` varchar(255) DEFAULT NULL,
  `proxy_policy` longblob,
  `public_key` longblob,
  `required_handlers` longblob,
  `serviceId` varchar(255) NOT NULL,
  `theme` varchar(255) DEFAULT NULL,
  `username_attr` longblob,
  PRIMARY KEY (`id`)
) ENGINE=MyISAM AUTO_INCREMENT=6 DEFAULT CHARSET=utf8;

-- ----------------------------
-- Records of regexregisteredservice
-- ----------------------------
INSERT INTO `regexregisteredservice` VALUES ('regex', '1', 0xACED00057372003E6F72672E61706572656F2E6361732E73657276696365732E44656661756C745265676973746572656453657276696365416363657373537472617465677911481ECA56280FAD0200075A000F63617365496E73656E7369746976655A0007656E61626C65645A001472657175697265416C6C417474726962757465735A000A73736F456E61626C65644C001272656A65637465644174747269627574657374000F4C6A6176612F7574696C2F4D61703B4C001272657175697265644174747269627574657371007E00014C0017756E617574686F72697A6564526564697265637455726C74000E4C6A6176612F6E65742F5552493B787000010101737200116A6176612E7574696C2E486173684D61700507DAC1C31660D103000246000A6C6F6164466163746F724900097468726573686F6C6478703F4000000000000077080000001000000000787371007E00043F40000000000000770800000010000000007870, 0xACED00057372003B6F72672E61706572656F2E6361732E73657276696365732E52657475726E416C6C6F77656441747472696275746552656C65617365506F6C696379AFE793CFA67F19270200014C0011616C6C6F776564417474726962757465737400104C6A6176612F7574696C2F4C6973743B787200476F72672E61706572656F2E6361732E73657276696365732E4162737472616374526567697374657265645365727669636541747472696275746552656C65617365506F6C69637949E7D6736C9B14070200065A0025617574686F72697A6564546F52656C6561736543726564656E7469616C50617373776F72645A0026617574686F72697A6564546F52656C6561736550726F78794772616E74696E675469636B65745A00186578636C75646544656661756C74417474726962757465734C001D7072696E636970616C417474726962757465735265706F7369746F72797400474C6F72672F61706572656F2F6361732F61757468656E7469636174696F6E2F7072696E636970616C2F5072696E636970616C417474726962757465735265706F7369746F72793B4C00147072696E636970616C49644174747269627574657400124C6A6176612F6C616E672F537472696E673B4C0020726567697374657265645365727669636541747472696275746546696C74657274003A4C6F72672F61706572656F2F6361732F73657276696365732F526567697374657265645365727669636541747472696275746546696C7465723B78700000007372004C6F72672E61706572656F2E6361732E61757468656E7469636174696F6E2E7072696E636970616C2E44656661756C745072696E636970616C417474726962757465735265706F7369746F7279C10F2B28725FAA83020000787200536F72672E61706572656F2E6361732E61757468656E7469636174696F6E2E7072696E636970616C2E63616368652E41627374726163745072696E636970616C417474726962757465735265706F7369746F727958209AC4A40630620200034A000A65787069726174696F6E4C000F6D657267696E6753747261746567797400654C6F72672F61706572656F2F6361732F61757468656E7469636174696F6E2F7072696E636970616C2F63616368652F41627374726163745072696E636970616C417474726962757465735265706F7369746F7279244D657267696E6753747261746567793B4C000874696D65556E697471007E00047870000000000000000270740005484F5552537070737200136A6176612E7574696C2E41727261794C6973747881D21D99C7619D03000149000473697A6578700000000277040000000274000C7363686F6F6C5F6D756C7469740005656D61696C78, 'ShiroClient service', '100', null, null, '1', 'http://127.0.0.1:9090/RiskIndex', 0xACED0005737200416F72672E61706572656F2E6361732E73657276696365732E44656661756C7452656769737465726564536572766963654D756C7469666163746F72506F6C696379D56AE2DD8859733F0200055A000D627970617373456E61626C65644C000B6661696C7572654D6F64657400494C6F72672F61706572656F2F6361732F73657276696365732F52656769737465726564536572766963654D756C7469666163746F72506F6C696379244661696C7572654D6F6465733B4C00226D756C7469666163746F7241757468656E7469636174696F6E50726F76696465727374000F4C6A6176612F7574696C2F5365743B4C001D7072696E636970616C4174747269627574654E616D65547269676765727400124C6A6176612F6C616E672F537472696E673B4C001E7072696E636970616C41747472696275746556616C7565546F4D6174636871007E00037870007E7200476F72672E61706572656F2E6361732E73657276696365732E52656769737465726564536572766963654D756C7469666163746F72506F6C696379244661696C7572654D6F64657300000000000000001200007872000E6A6176612E6C616E672E456E756D00000000000000001200007870740006434C4F534544737200176A6176612E7574696C2E4C696E6B656448617368536574D86CD75A95DD2A1E020000787200116A6176612E7574696C2E48617368536574BA44859596B8B7340300007870770C000000013F40000000000000787070, 'ShiroClient', null, 0xACED00057372003A6F72672E61706572656F2E6361732E73657276696365732E526566757365526567697374657265645365727669636550726F7879506F6C696379B0A4006EC358E6540200007870, null, 0xACED0005737200116A6176612E7574696C2E48617368536574BA44859596B8B7340300007870770C000000013F4000000000000078, '^(https|imaps|http)://(localhost|127.0.0.1|172.16):8080.*', 'risk', 0xACED0005737200406F72672E61706572656F2E6361732E73657276696365732E44656661756C745265676973746572656453657276696365557365726E616D6550726F766964657250D2F74625996157020000787200466F72672E61706572656F2E6361732E73657276696365732E426173655265676973746572656453657276696365557365726E616D6541747472696275746550726F76696465728BAFBA9C775638710200025A000F656E6372797074557365726E616D654C001463616E6F6E6963616C697A6174696F6E4D6F64657400124C6A6176612F6C616E672F537472696E673B7870007400044E4F4E45);
INSERT INTO `regexregisteredservice` VALUES ('regex', '3', 0xACED00057372003E6F72672E61706572656F2E6361732E73657276696365732E44656661756C745265676973746572656453657276696365416363657373537472617465677911481ECA56280FAD0200075A000F63617365496E73656E7369746976655A0007656E61626C65645A001472657175697265416C6C417474726962757465735A000A73736F456E61626C65644C001272656A65637465644174747269627574657374000F4C6A6176612F7574696C2F4D61703B4C001272657175697265644174747269627574657371007E00014C0017756E617574686F72697A6564526564697265637455726C74000E4C6A6176612F6E65742F5552493B787000010101737200116A6176612E7574696C2E486173684D61700507DAC1C31660D103000246000A6C6F6164466163746F724900097468726573686F6C6478703F4000000000000077080000001000000000787371007E00043F40000000000000770800000010000000007870, 0xACED00057372003B6F72672E61706572656F2E6361732E73657276696365732E52657475726E416C6C6F77656441747472696275746552656C65617365506F6C696379AFE793CFA67F19270200014C0011616C6C6F776564417474726962757465737400104C6A6176612F7574696C2F4C6973743B787200476F72672E61706572656F2E6361732E73657276696365732E4162737472616374526567697374657265645365727669636541747472696275746552656C65617365506F6C69637949E7D6736C9B14070200065A0025617574686F72697A6564546F52656C6561736543726564656E7469616C50617373776F72645A0026617574686F72697A6564546F52656C6561736550726F78794772616E74696E675469636B65745A00186578636C75646544656661756C74417474726962757465734C001D7072696E636970616C417474726962757465735265706F7369746F72797400474C6F72672F61706572656F2F6361732F61757468656E7469636174696F6E2F7072696E636970616C2F5072696E636970616C417474726962757465735265706F7369746F72793B4C00147072696E636970616C49644174747269627574657400124C6A6176612F6C616E672F537472696E673B4C0020726567697374657265645365727669636541747472696275746546696C74657274003A4C6F72672F61706572656F2F6361732F73657276696365732F526567697374657265645365727669636541747472696275746546696C7465723B78700000007372004C6F72672E61706572656F2E6361732E61757468656E7469636174696F6E2E7072696E636970616C2E44656661756C745072696E636970616C417474726962757465735265706F7369746F7279C10F2B28725FAA83020000787200536F72672E61706572656F2E6361732E61757468656E7469636174696F6E2E7072696E636970616C2E63616368652E41627374726163745072696E636970616C417474726962757465735265706F7369746F727958209AC4A40630620200034A000A65787069726174696F6E4C000F6D657267696E6753747261746567797400654C6F72672F61706572656F2F6361732F61757468656E7469636174696F6E2F7072696E636970616C2F63616368652F41627374726163745072696E636970616C417474726962757465735265706F7369746F7279244D657267696E6753747261746567793B4C000874696D65556E697471007E00047870000000000000000270740005484F5552537070737200136A6176612E7574696C2E41727261794C6973747881D21D99C7619D03000149000473697A6578700000000277040000000274000C7363686F6F6C5F6D756C7469740005656D61696C78, 'ShiroClient service', '100', null, null, '1', 'http://localhost:8182/logout', 0xACED0005737200416F72672E61706572656F2E6361732E73657276696365732E44656661756C7452656769737465726564536572766963654D756C7469666163746F72506F6C696379D56AE2DD8859733F0200055A000D627970617373456E61626C65644C000B6661696C7572654D6F64657400494C6F72672F61706572656F2F6361732F73657276696365732F52656769737465726564536572766963654D756C7469666163746F72506F6C696379244661696C7572654D6F6465733B4C00226D756C7469666163746F7241757468656E7469636174696F6E50726F76696465727374000F4C6A6176612F7574696C2F5365743B4C001D7072696E636970616C4174747269627574654E616D65547269676765727400124C6A6176612F6C616E672F537472696E673B4C001E7072696E636970616C41747472696275746556616C7565546F4D6174636871007E00037870007E7200476F72672E61706572656F2E6361732E73657276696365732E52656769737465726564536572766963654D756C7469666163746F72506F6C696379244661696C7572654D6F64657300000000000000001200007872000E6A6176612E6C616E672E456E756D00000000000000001200007870740006434C4F534544737200176A6176612E7574696C2E4C696E6B656448617368536574D86CD75A95DD2A1E020000787200116A6176612E7574696C2E48617368536574BA44859596B8B7340300007870770C000000013F40000000000000787070, 'ShiroClient', null, 0xACED00057372003A6F72672E61706572656F2E6361732E73657276696365732E526566757365526567697374657265645365727669636550726F7879506F6C696379B0A4006EC358E6540200007870, null, 0xACED0005737200116A6176612E7574696C2E48617368536574BA44859596B8B7340300007870770C000000013F4000000000000078, '^(https|imaps|http)://(localhost|127.0.0.1|172.16):8182.*', 'risk', 0xACED0005737200406F72672E61706572656F2E6361732E73657276696365732E44656661756C745265676973746572656453657276696365557365726E616D6550726F766964657250D2F74625996157020000787200466F72672E61706572656F2E6361732E73657276696365732E426173655265676973746572656453657276696365557365726E616D6541747472696275746550726F76696465728BAFBA9C775638710200025A000F656E6372797074557365726E616D654C001463616E6F6E6963616C697A6174696F6E4D6F64657400124C6A6176612F6C616E672F537472696E673B7870007400044E4F4E45);
INSERT INTO `regexregisteredservice` VALUES ('regex', '5', 0xACED00057372003E6F72672E61706572656F2E6361732E73657276696365732E44656661756C745265676973746572656453657276696365416363657373537472617465677911481ECA56280FAD0200075A000F63617365496E73656E7369746976655A0007656E61626C65645A001472657175697265416C6C417474726962757465735A000A73736F456E61626C65644C001272656A65637465644174747269627574657374000F4C6A6176612F7574696C2F4D61703B4C001272657175697265644174747269627574657371007E00014C0017756E617574686F72697A6564526564697265637455726C74000E4C6A6176612F6E65742F5552493B787000010101737200116A6176612E7574696C2E486173684D61700507DAC1C31660D103000246000A6C6F6164466163746F724900097468726573686F6C6478703F4000000000000077080000001000000000787371007E00043F40000000000000770800000010000000007870, 0xACED0005737200376F72672E61706572656F2E6361732E73657276696365732E52657475726E416C6C41747472696275746552656C65617365506F6C6963794C9857A8519E9663020000787200476F72672E61706572656F2E6361732E73657276696365732E4162737472616374526567697374657265645365727669636541747472696275746552656C65617365506F6C69637949E7D6736C9B14070200065A0025617574686F72697A6564546F52656C6561736543726564656E7469616C50617373776F72645A0026617574686F72697A6564546F52656C6561736550726F78794772616E74696E675469636B65745A00186578636C75646544656661756C74417474726962757465734C001D7072696E636970616C417474726962757465735265706F7369746F72797400474C6F72672F61706572656F2F6361732F61757468656E7469636174696F6E2F7072696E636970616C2F5072696E636970616C417474726962757465735265706F7369746F72793B4C00147072696E636970616C49644174747269627574657400124C6A6176612F6C616E672F537472696E673B4C0020726567697374657265645365727669636541747472696275746546696C74657274003A4C6F72672F61706572656F2F6361732F73657276696365732F526567697374657265645365727669636541747472696275746546696C7465723B78700000007372004C6F72672E61706572656F2E6361732E61757468656E7469636174696F6E2E7072696E636970616C2E44656661756C745072696E636970616C417474726962757465735265706F7369746F7279C10F2B28725FAA83020000787200536F72672E61706572656F2E6361732E61757468656E7469636174696F6E2E7072696E636970616C2E63616368652E41627374726163745072696E636970616C417474726962757465735265706F7369746F727958209AC4A40630620200034A000A65787069726174696F6E4C000F6D657267696E6753747261746567797400654C6F72672F61706572656F2F6361732F61757468656E7469636174696F6E2F7072696E636970616C2F63616368652F41627374726163745072696E636970616C417474726962757465735265706F7369746F7279244D657267696E6753747261746567793B4C000874696D65556E697471007E00037870000000000000000270740005484F5552537070, 'this is a localhost service', '10000000', null, null, '1', null, 0xACED0005737200416F72672E61706572656F2E6361732E73657276696365732E44656661756C7452656769737465726564536572766963654D756C7469666163746F72506F6C696379D56AE2DD8859733F0200055A000D627970617373456E61626C65644C000B6661696C7572654D6F64657400494C6F72672F61706572656F2F6361732F73657276696365732F52656769737465726564536572766963654D756C7469666163746F72506F6C696379244661696C7572654D6F6465733B4C00226D756C7469666163746F7241757468656E7469636174696F6E50726F76696465727374000F4C6A6176612F7574696C2F5365743B4C001D7072696E636970616C4174747269627574654E616D65547269676765727400124C6A6176612F6C616E672F537472696E673B4C001E7072696E636970616C41747472696275746556616C7565546F4D6174636871007E00037870007E7200476F72672E61706572656F2E6361732E73657276696365732E52656769737465726564536572766963654D756C7469666163746F72506F6C696379244661696C7572654D6F64657300000000000000001200007872000E6A6176612E6C616E672E456E756D00000000000000001200007870740006434C4F534544737200176A6176612E7574696C2E4C696E6B656448617368536574D86CD75A95DD2A1E020000787200116A6176612E7574696C2E48617368536574BA44859596B8B7340300007870770C000000013F40000000000000787070, 'Local Services', null, 0xACED00057372003A6F72672E61706572656F2E6361732E73657276696365732E526566757365526567697374657265645365727669636550726F7879506F6C696379B0A4006EC358E6540200007870, null, 0xACED0005737200116A6176612E7574696C2E48617368536574BA44859596B8B7340300007870770C000000013F4000000000000078, '^(https|imaps|http)://.*', null, 0xACED0005737200406F72672E61706572656F2E6361732E73657276696365732E44656661756C745265676973746572656453657276696365557365726E616D6550726F766964657250D2F74625996157020000787200466F72672E61706572656F2E6361732E73657276696365732E426173655265676973746572656453657276696365557365726E616D6541747472696275746550726F76696465728BAFBA9C775638710200025A000F656E6372797074557365726E616D654C001463616E6F6E6963616C697A6174696F6E4D6F64657400124C6A6176612F6C616E672F537472696E673B7870007400044E4F4E45);

-- ----------------------------
-- Table structure for regexregisteredserviceproperty
-- ----------------------------
DROP TABLE IF EXISTS `regexregisteredserviceproperty`;
CREATE TABLE `regexregisteredserviceproperty` (
  `id` bigint(20) NOT NULL AUTO_INCREMENT,
  `property_values` longblob,
  PRIMARY KEY (`id`)
) ENGINE=MyISAM DEFAULT CHARSET=utf8;

-- ----------------------------
-- Records of regexregisteredserviceproperty
-- ----------------------------

-- ----------------------------
-- Table structure for registeredserviceimpl_props
-- ----------------------------
DROP TABLE IF EXISTS `registeredserviceimpl_props`;
CREATE TABLE `registeredserviceimpl_props` (
  `AbstractRegisteredService_id` bigint(20) NOT NULL,
  `properties_id` bigint(20) NOT NULL,
  `properties_KEY` varchar(255) NOT NULL,
  PRIMARY KEY (`AbstractRegisteredService_id`,`properties_KEY`),
  UNIQUE KEY `UK_i2mjaqjwxpvurc6aefjkx5x97` (`properties_id`) USING BTREE
) ENGINE=MyISAM DEFAULT CHARSET=utf8;

-- ----------------------------
-- Records of registeredserviceimpl_props
-- ----------------------------

-- ----------------------------
-- Table structure for serviceticket
-- ----------------------------
DROP TABLE IF EXISTS `serviceticket`;
CREATE TABLE `serviceticket` (
  `TYPE` varchar(31) NOT NULL,
  `ID` varchar(255) NOT NULL,
  `NUMBER_OF_TIMES_USED` int(11) DEFAULT NULL,
  `CREATION_TIME` datetime DEFAULT NULL,
  `EXPIRATION_POLICY` longblob NOT NULL,
  `LAST_TIME_USED` datetime DEFAULT NULL,
  `PREVIOUS_LAST_TIME_USED` datetime DEFAULT NULL,
  `FROM_NEW_LOGIN` bit(1) NOT NULL,
  `TICKET_ALREADY_GRANTED` bit(1) NOT NULL,
  `SERVICE` longblob NOT NULL,
  `ticketGrantingTicket_ID` varchar(255) DEFAULT NULL,
  PRIMARY KEY (`ID`),
  KEY `FK60oigifivx01ts3n8vboyqs38` (`ticketGrantingTicket_ID`) USING BTREE
) ENGINE=MyISAM DEFAULT CHARSET=utf8;

-- ----------------------------
-- Records of serviceticket
-- ----------------------------

-- ----------------------------
-- Table structure for ticketgrantingticket
-- ----------------------------
DROP TABLE IF EXISTS `ticketgrantingticket`;
CREATE TABLE `ticketgrantingticket` (
  `TYPE` varchar(31) NOT NULL,
  `ID` varchar(255) NOT NULL,
  `NUMBER_OF_TIMES_USED` int(11) DEFAULT NULL,
  `CREATION_TIME` datetime DEFAULT NULL,
  `EXPIRATION_POLICY` longblob NOT NULL,
  `LAST_TIME_USED` datetime DEFAULT NULL,
  `PREVIOUS_LAST_TIME_USED` datetime DEFAULT NULL,
  `AUTHENTICATION` longblob NOT NULL,
  `DESCENDANT_TICKETS` longblob NOT NULL,
  `EXPIRED` bit(1) NOT NULL,
  `PROXIED_BY` longblob,
  `SERVICES_GRANTED_ACCESS_TO` longblob NOT NULL,
  `ticketGrantingTicket_ID` varchar(255) DEFAULT NULL,
  PRIMARY KEY (`ID`),
  KEY `FKiqyu3qw2fxf5qaqin02mox8r4` (`ticketGrantingTicket_ID`) USING BTREE
) ENGINE=MyISAM DEFAULT CHARSET=utf8;

-- ----------------------------
-- Records of ticketgrantingticket
-- ----------------------------
INSERT INTO `ticketgrantingticket` VALUES ('TGT', 'TGT-1-qwVcDNZwUqckgmDJ10OBQuZbzYS7c3AZbFNAn1Z3UiMaGohMdy-Lenovo-hdw', '2', '2018-04-26 14:52:54', 0xACED0005737200426F72672E61706572656F2E6361732E7469636B65742E737570706F72742E52656D656D6265724D6544656C65676174696E6745787069726174696F6E506F6C696379DA07DCEAC63921610200024C001A72656D656D6265724D6545787069726174696F6E506F6C6963797400284C6F72672F61706572656F2F6361732F7469636B65742F45787069726174696F6E506F6C6963793B4C001773657373696F6E45787069726174696F6E506F6C69637971007E0001787200396F72672E61706572656F2E6361732E7469636B65742E737570706F72742E416273747261637443617345787069726174696F6E506F6C6963796F9B4B49047BB1CA0200007870737200396F72672E61706572656F2E6361732E7469636B65742E737570706F72742E4861726454696D656F757445787069726174696F6E506F6C6963795D5EEE64DB88E6D20200014A001374696D65546F4B696C6C496E5365636F6E64737871007E00020000000000000708737200426F72672E61706572656F2E6361732E7469636B65742E737570706F72742E5469636B65744772616E74696E675469636B657445787069726174696F6E506F6C6963796A7338F19BA09CC40200024A00166D617854696D65546F4C697665496E5365636F6E64734A001374696D65546F4B696C6C496E5365636F6E64737871007E000200000000000070800000000000001C20, '2018-04-26 14:52:54', '2018-04-26 14:52:54', 0xACED0005737200336F72672E61706572656F2E6361732E61757468656E7469636174696F6E2E44656661756C7441757468656E7469636174696F6E2C7E73FF874AEE4F0200064C000A6174747269627574657374000F4C6A6176612F7574696C2F4D61703B4C001261757468656E7469636174696F6E446174657400194C6A6176612F74696D652F5A6F6E65644461746554696D653B4C000B63726564656E7469616C737400104C6A6176612F7574696C2F4C6973743B4C00086661696C7572657371007E00014C00097072696E636970616C7400334C6F72672F61706572656F2F6361732F61757468656E7469636174696F6E2F7072696E636970616C2F5072696E636970616C3B4C000973756363657373657371007E00017870737200176A6176612E7574696C2E4C696E6B6564486173684D617034C04E5C106CC0FB0200015A000B6163636573734F72646572787200116A6176612E7574696C2E486173684D61700507DAC1C31660D103000246000A6C6F6164466163746F724900097468726573686F6C6478703F4000000000000C7708000000100000000274001461757468656E7469636174696F6E4D6574686F6474002B5175657279416E64456E636F6465446174616261736541757468656E7469636174696F6E48616E646C65727400207375636365737366756C41757468656E7469636174696F6E48616E646C657273737200116A6176612E7574696C2E48617368536574BA44859596B8B7340300007870770C000000023F4000000000000171007E000A7878007372000D6A6176612E74696D652E536572955D84BA1B2248B20C00007870771F06000007E2041A0E34351FC4EF402007000D417369612F5368616E6768616978737200136A6176612E7574696C2E41727261794C6973747881D21D99C7619D03000149000473697A65787000000001770400000001737200356F72672E61706572656F2E6361732E61757468656E7469636174696F6E2E426173696343726564656E7469616C4D65746144617461446962C13DF6AE610200024C000F63726564656E7469616C436C6173737400114C6A6176612F6C616E672F436C6173733B4C000269647400124C6A6176612F6C616E672F537472696E673B787076720037636F6D2E6361726C2E73736F2E737570706F72742E617574682E557365726E616D6550617373776F726453797343726564656E7469616CB5BC82463D81F4310200014C000673797374656D71007E0014787200426F72672E61706572656F2E6361732E61757468656E7469636174696F6E2E52656D656D6265724D65557365726E616D6550617373776F726443726564656E7469616CA2E14395BB726B030200015A000A72656D656D6265724D65787200386F72672E61706572656F2E6361732E61757468656E7469636174696F6E2E557365726E616D6550617373776F726443726564656E7469616CF646F363EEFAC0450200024C000870617373776F726471007E00144C0008757365726E616D6571007E0014787074000561646D696E787372001E6A6176612E7574696C2E436F6C6C656374696F6E7324456D7074794D6170593614855ADCE7D00200007870737200376F72672E61706572656F2E6361732E61757468656E7469636174696F6E2E7072696E636970616C2E53696D706C655072696E636970616CEE946AFF96BC7D3C0200024C000A6174747269627574657371007E00014C0002696471007E001478707371007E00073F4000000000000C7708000000100000000474000B67726F75705F6D756C7469737200266A6176612E7574696C2E436F6C6C656374696F6E7324556E6D6F6469666961626C654C697374FC0F2531B5EC8E100200014C00046C69737471007E00037872002C6A6176612E7574696C2E436F6C6C656374696F6E7324556E6D6F6469666961626C65436F6C6C656374696F6E19420080CB5EF71E0200014C0001637400164C6A6176612F7574696C2F436F6C6C656374696F6E3B78707371007E00217371007E0021737200146A6176612E7574696C2E4C696E6B65644C6973740C29535D4A608822030000787077040000000374000A41444D494E5F524F4C4574000F4D414E4147454D454E545F524F4C457400084445565F524F4C457871007E002871007E002671007E002574000C7363686F6F6C5F6D756C74697371007E00217371007E00217371007E00217371007E00277704000000027400094775616E675A686F757400065A68754861697871007E003071007E002F71007E002E740003616765737200116A6176612E6C616E672E496E746567657212E2A0A4F781873802000149000576616C7565787200106A6176612E6C616E672E4E756D62657286AC951D0B94E08B020000787000000019740005656D61696C7400103637343731373733394071712E636F6D7871007E001A7371007E00063F4000000000000C7708000000100000000171007E000A737200326F72672E61706572656F2E6361732E61757468656E7469636174696F6E2E44656661756C7448616E646C6572526573756C74D4C8DADE7877DA6B0200044C001263726564656E7469616C4D657461446174617400324C6F72672F61706572656F2F6361732F61757468656E7469636174696F6E2F43726564656E7469616C4D657461446174613B4C000B68616E646C65724E616D6571007E00144C00097072696E636970616C71007E00044C00087761726E696E677371007E000378707371007E00127671007E001871007E001A71007E000A7371007E001D7371007E00073F40000000000000770800000010000000007871007E001A707800, 0xACED0005737200116A6176612E7574696C2E48617368536574BA44859596B8B7340300007870770C000000013F4000000000000078, '\0', null, 0xACED0005737200116A6176612E7574696C2E486173684D61700507DAC1C31660D103000246000A6C6F6164466163746F724900097468726573686F6C6478703F4000000000000C7708000000100000000174002453542D312D4E6A7635305A70366B6E52733449314455596A782D4C656E6F766F2D686477737200476F72672E61706572656F2E6361732E61757468656E7469636174696F6E2E7072696E636970616C2E53696D706C655765624170706C69636174696F6E53657276696365496D706C73A88F8FA06DF1DA020000787200456F72672E61706572656F2E6361732E61757468656E7469636174696F6E2E7072696E636970616C2E41627374726163745765624170706C69636174696F6E53657276696365087787854149B0AC0200065A00106C6F676765644F7574416C72656164794C000A617274696661637449647400124C6A6176612F6C616E672F537472696E673B4C0006666F726D61747400324C6F72672F61706572656F2F6361732F76616C69646174696F6E2F56616C69646174696F6E526573706F6E7365547970653B4C0002696471007E00054C000B6F726967696E616C55726C71007E00054C00097072696E636970616C7400334C6F72672F61706572656F2F6361732F61757468656E7469636174696F6E2F7072696E636970616C2F5072696E636970616C3B787000707E7200306F72672E61706572656F2E6361732E76616C69646174696F6E2E56616C69646174696F6E526573706F6E73655479706500000000000000001200007872000E6A6176612E6C616E672E456E756D00000000000000001200007870740003584D4C740033687474703A2F2F3132372E302E302E313A383238312F75706D732F63616C6C6261636B3F636C69656E745F6E616D653D63617371007E000D737200376F72672E61706572656F2E6361732E61757468656E7469636174696F6E2E7072696E636970616C2E53696D706C655072696E636970616CEE946AFF96BC7D3C0200024C000A6174747269627574657374000F4C6A6176612F7574696C2F4D61703B4C0002696471007E000578707371007E00003F4000000000000C7708000000100000000474000B67726F75705F6D756C7469737200266A6176612E7574696C2E436F6C6C656374696F6E7324556E6D6F6469666961626C654C697374FC0F2531B5EC8E100200014C00046C6973747400104C6A6176612F7574696C2F4C6973743B7872002C6A6176612E7574696C2E436F6C6C656374696F6E7324556E6D6F6469666961626C65436F6C6C656374696F6E19420080CB5EF71E0200014C0001637400164C6A6176612F7574696C2F436F6C6C656374696F6E3B78707371007E00137371007E0013737200146A6176612E7574696C2E4C696E6B65644C6973740C29535D4A608822030000787077040000000374000A41444D494E5F524F4C4574000F4D414E4147454D454E545F524F4C457400084445565F524F4C457871007E001B71007E001971007E001874000C7363686F6F6C5F6D756C74697371007E00137371007E00137371007E00137371007E001A7704000000027400094775616E675A686F757400065A68754861697871007E002371007E002271007E0021740003616765737200116A6176612E6C616E672E496E746567657212E2A0A4F781873802000149000576616C7565787200106A6176612E6C616E672E4E756D62657286AC951D0B94E08B020000787000000019740005656D61696C7400103637343731373733394071712E636F6D7874000561646D696E78, null);

-- ----------------------------
-- Table structure for t_sys_attrs
-- ----------------------------
DROP TABLE IF EXISTS `t_sys_attrs`;
CREATE TABLE `t_sys_attrs` (
  `USERNAME` varchar(30) NOT NULL,
  `ATTR_KEY` varchar(50) NOT NULL,
  `ATTR_VAL` varchar(100) NOT NULL
) ENGINE=InnoDB DEFAULT CHARSET=utf8 COMMENT='用户属性表';

-- ----------------------------
-- Records of t_sys_attrs
-- ----------------------------
INSERT INTO `t_sys_attrs` VALUES ('admin', 'group', 'ADMIN_ROLE');
INSERT INTO `t_sys_attrs` VALUES ('admin', 'group', 'MANAGEMENT_ROLE');
INSERT INTO `t_sys_attrs` VALUES ('admin', 'group', 'DEV_ROLE');
INSERT INTO `t_sys_attrs` VALUES ('admin', 'school', 'GuangZhou');
INSERT INTO `t_sys_attrs` VALUES ('admin', 'school', 'ZhuHai');
INSERT INTO `t_sys_attrs` VALUES ('zhangsan', 'group', 'DEV_ROLE');

-- ----------------------------
-- Table structure for t_sys_dic
-- ----------------------------
DROP TABLE IF EXISTS `t_sys_dic`;
CREATE TABLE `t_sys_dic` (
  `id` bigint(20) NOT NULL AUTO_INCREMENT COMMENT '主键ID',
  `parent_id` bigint(20) NOT NULL COMMENT '父变量ID',
  `var_code` varchar(255) DEFAULT NULL COMMENT '变量代码',
  `var_name` varchar(255) DEFAULT NULL COMMENT '变量名称',
  `create_time` datetime DEFAULT NULL COMMENT '记录创建时间',
  `update_time` datetime DEFAULT NULL COMMENT '记录修改时间',
  `create_user` varchar(255) DEFAULT NULL COMMENT '记录创建者（用户）',
  `update_user` varchar(255) DEFAULT NULL COMMENT '记录最后修改者（用户）',
  PRIMARY KEY (`id`),
  KEY `index_dic_code` (`var_code`) USING BTREE,
  KEY `index_dic_name` (`var_name`) USING BTREE
) ENGINE=InnoDB AUTO_INCREMENT=313 DEFAULT CHARSET=utf8 COMMENT='数据字典';

-- ----------------------------
-- Records of t_sys_dic
-- ----------------------------
INSERT INTO `t_sys_dic` VALUES ('9', '0', '2017050', 'Test01', '2018-05-31 20:12:07', '2018-05-31 20:12:07', 'admin', 'admin');
INSERT INTO `t_sys_dic` VALUES ('16', '0', '2017051', 'Test02', '2018-05-31 20:12:07', '2018-05-31 20:12:07', 'admin', 'admin');
INSERT INTO `t_sys_dic` VALUES ('59', '16', '2017052', 'Test03', '2018-05-31 20:12:07', '2018-05-31 20:12:07', 'admin', 'admin');
INSERT INTO `t_sys_dic` VALUES ('60', '16', '2017053', 'Test04', '2018-05-31 20:12:07', '2018-05-31 20:12:07', 'admin', 'admin');
INSERT INTO `t_sys_dic` VALUES ('61', '16', '2017054', 'Test05', '2018-05-31 20:12:07', '2018-05-31 20:12:07', 'admin', 'admin');
INSERT INTO `t_sys_dic` VALUES ('62', '16', '2017055', 'Test06', '2018-05-31 20:12:07', '2018-05-31 20:12:07', 'admin', 'admin');
INSERT INTO `t_sys_dic` VALUES ('63', '16', '2017056', 'Test07', '2018-05-31 20:12:07', '2018-05-31 20:12:07', 'admin', 'admin');
INSERT INTO `t_sys_dic` VALUES ('64', '16', '2017057', 'Test08', '2018-05-31 20:12:07', '2018-05-31 20:12:07', 'admin', 'admin');
INSERT INTO `t_sys_dic` VALUES ('65', '16', '2017058', 'Test09', '2018-05-31 20:12:07', '2018-05-31 20:12:07', 'admin', 'admin');
INSERT INTO `t_sys_dic` VALUES ('66', '16', '2017059', 'Test10', '2018-05-31 20:12:07', '2018-05-31 20:12:07', 'admin', 'admin');
INSERT INTO `t_sys_dic` VALUES ('67', '16', '2017060', 'Test11', '2018-05-31 20:12:07', '2018-05-31 20:12:07', 'admin', 'admin');
INSERT INTO `t_sys_dic` VALUES ('68', '16', '2017061', 'Test12', '2018-05-31 20:12:07', '2018-05-31 20:12:07', 'admin', 'admin');
INSERT INTO `t_sys_dic` VALUES ('69', '16', '2017062', 'Test13', '2018-05-31 20:12:07', '2018-05-31 20:12:07', 'admin', 'admin');
INSERT INTO `t_sys_dic` VALUES ('70', '16', '2017063', 'Test14', '2018-05-31 20:12:07', '2018-05-31 20:12:07', 'admin', 'admin');
INSERT INTO `t_sys_dic` VALUES ('71', '16', '2017064', 'Test15', '2018-05-31 20:12:07', '2018-05-31 20:12:07', 'admin', 'admin');
INSERT INTO `t_sys_dic` VALUES ('85', '9', '2017065', 'Test16', '2018-05-31 20:12:07', '2018-05-31 20:12:07', 'admin', 'admin');
INSERT INTO `t_sys_dic` VALUES ('86', '9', '2017066', 'Test17', '2018-05-31 20:12:07', '2018-05-31 20:12:07', 'admin', 'admin');
INSERT INTO `t_sys_dic` VALUES ('87', '9', '2017067', 'Test18', '2018-05-31 20:12:07', '2018-05-31 20:12:07', 'admin', 'admin');
INSERT INTO `t_sys_dic` VALUES ('88', '9', '2017068', 'Test19', '2018-05-31 20:12:07', '2018-05-31 20:12:07', 'admin', 'admin');
INSERT INTO `t_sys_dic` VALUES ('89', '9', '2017069', 'Test20', '2018-05-31 20:12:07', '2018-05-31 20:12:07', 'admin', 'admin');
INSERT INTO `t_sys_dic` VALUES ('90', '9', '2017070', 'Test21', '2018-05-31 20:12:07', '2018-05-31 20:12:07', 'admin', 'admin');
INSERT INTO `t_sys_dic` VALUES ('91', '9', '2017071', 'Test22', '2018-05-31 20:12:07', '2018-05-31 20:12:07', 'admin', 'admin');
INSERT INTO `t_sys_dic` VALUES ('92', '9', '2017072', 'Test23', '2018-05-31 20:12:07', '2018-05-31 20:12:07', 'admin', 'admin');
INSERT INTO `t_sys_dic` VALUES ('103', '9', '2017073', 'Test24', '2018-05-31 20:12:07', '2018-05-31 20:12:07', 'admin', 'admin');
INSERT INTO `t_sys_dic` VALUES ('104', '9', '2017074', 'Test25', '2018-05-31 20:12:07', '2018-05-31 20:12:07', 'admin', 'admin');
INSERT INTO `t_sys_dic` VALUES ('105', '9', '2017075', 'Test26', '2018-05-31 20:12:07', '2018-05-31 20:12:07', 'admin', 'admin');
INSERT INTO `t_sys_dic` VALUES ('106', '9', '2017076', 'Test27', '2018-05-31 20:12:07', '2018-05-31 20:12:07', 'admin', 'admin');
INSERT INTO `t_sys_dic` VALUES ('107', '9', '2017077', 'Test28', '2018-05-31 20:12:07', '2018-05-31 20:12:07', 'admin', 'admin');
INSERT INTO `t_sys_dic` VALUES ('108', '9', '2017078', 'Test29', '2018-05-31 20:12:07', '2018-05-31 20:12:07', 'admin', 'admin');
INSERT INTO `t_sys_dic` VALUES ('109', '9', '2017079', 'Test30', '2018-05-31 20:12:07', '2018-05-31 20:12:07', 'admin', 'admin');
INSERT INTO `t_sys_dic` VALUES ('110', '9', '2017080', 'Test31', '2018-05-31 20:12:07', '2018-05-31 20:12:07', 'admin', 'admin');
INSERT INTO `t_sys_dic` VALUES ('111', '9', '2017081', 'Test32', '2018-05-31 20:12:07', '2018-05-31 20:12:07', 'admin', 'admin');
INSERT INTO `t_sys_dic` VALUES ('112', '9', '2017082', 'Test33', '2018-05-31 20:12:07', '2018-05-31 20:12:07', 'admin', 'admin');
INSERT INTO `t_sys_dic` VALUES ('113', '9', '2017083', 'Test34', '2018-05-31 20:12:07', '2018-05-31 20:12:07', 'admin', 'admin');
INSERT INTO `t_sys_dic` VALUES ('114', '9', '2017084', 'Test35', '2018-05-31 20:12:07', '2018-05-31 20:12:07', 'admin', 'admin');
INSERT INTO `t_sys_dic` VALUES ('115', '0', '2017085', 'Test36', '2018-05-31 20:12:07', '2018-05-31 20:12:07', 'admin', 'admin');
INSERT INTO `t_sys_dic` VALUES ('121', '115', '2017086', 'Test37', '2018-05-31 20:12:07', '2018-05-31 20:12:07', 'admin', 'admin');
INSERT INTO `t_sys_dic` VALUES ('123', '115', '2017087', 'Test38', '2018-05-31 20:12:07', '2018-05-31 20:12:07', 'admin', 'admin');
INSERT INTO `t_sys_dic` VALUES ('125', '115', '2017088', 'Test39', '2018-05-31 20:12:07', '2018-05-31 20:12:07', 'admin', 'admin');
INSERT INTO `t_sys_dic` VALUES ('127', '115', '2017089', 'Test40', '2018-05-31 20:12:07', '2018-05-31 20:12:07', 'admin', 'admin');
INSERT INTO `t_sys_dic` VALUES ('129', '115', '2017090', 'Test41', '2018-05-31 20:12:07', '2018-05-31 20:12:07', 'admin', 'admin');
INSERT INTO `t_sys_dic` VALUES ('131', '115', '2017091', 'Test42', '2018-05-31 20:12:07', '2018-05-31 20:12:07', 'admin', 'admin');
INSERT INTO `t_sys_dic` VALUES ('133', '121', '2017092', 'Test43', '2018-05-31 20:12:07', '2018-05-31 20:12:07', 'admin', 'admin');
INSERT INTO `t_sys_dic` VALUES ('135', '121', '2017093', 'Test44', '2018-05-31 20:12:07', '2018-05-31 20:12:07', 'admin', 'admin');
INSERT INTO `t_sys_dic` VALUES ('136', '125', '2017094', 'Test45', '2018-05-31 20:12:07', '2018-05-31 20:12:07', 'admin', 'admin');
INSERT INTO `t_sys_dic` VALUES ('138', '125', '2017095', 'Test46', '2018-05-31 20:12:07', '2018-05-31 20:12:07', 'admin', 'admin');
INSERT INTO `t_sys_dic` VALUES ('140', '125', '2017096', 'Test47', '2018-05-31 20:12:07', '2018-05-31 20:12:07', 'admin', 'admin');
INSERT INTO `t_sys_dic` VALUES ('142', '125', '2017097', 'Test48', '2018-05-31 20:12:07', '2018-05-31 20:12:07', 'admin', 'admin');
INSERT INTO `t_sys_dic` VALUES ('144', '125', '2017098', 'Test49', '2018-05-31 20:12:07', '2018-05-31 20:12:07', 'admin', 'admin');
INSERT INTO `t_sys_dic` VALUES ('180', '131', '2017099', 'Test50', '2018-05-31 20:12:07', '2018-05-31 20:12:07', 'admin', 'admin');
INSERT INTO `t_sys_dic` VALUES ('182', '131', '2017100', 'Test51', '2018-05-31 20:12:07', '2018-05-31 20:12:07', 'admin', 'admin');
INSERT INTO `t_sys_dic` VALUES ('184', '131', '2017101', 'Test52', '2018-05-31 20:12:07', '2018-05-31 20:12:07', 'admin', 'admin');
INSERT INTO `t_sys_dic` VALUES ('188', '131', '2017102', 'Test53', '2018-05-31 20:12:07', '2018-05-31 20:12:07', 'admin', 'admin');
INSERT INTO `t_sys_dic` VALUES ('190', '131', '2017103', 'Test54', '2018-05-31 20:12:07', '2018-05-31 20:12:07', 'admin', 'admin');
INSERT INTO `t_sys_dic` VALUES ('192', '131', '2017104', 'Test55', '2018-05-31 20:12:07', '2018-05-31 20:12:07', 'admin', 'admin');
INSERT INTO `t_sys_dic` VALUES ('194', '131', '2017105', 'Test56', '2018-05-31 20:12:07', '2018-05-31 20:12:07', 'admin', 'admin');
INSERT INTO `t_sys_dic` VALUES ('196', '129', '2017106', 'Test57', '2018-05-31 20:12:07', '2018-05-31 20:12:07', 'admin', 'admin');
INSERT INTO `t_sys_dic` VALUES ('198', '129', '2017107', 'Test58', '2018-05-31 20:12:07', '2018-05-31 20:12:07', 'admin', 'admin');
INSERT INTO `t_sys_dic` VALUES ('201', '86', '2017108', 'Test59', '2018-05-31 20:12:07', '2018-05-31 20:12:07', 'admin', 'admin');
INSERT INTO `t_sys_dic` VALUES ('203', '86', '2017109', 'Test60', '2018-05-31 20:12:07', '2018-05-31 20:12:07', 'admin', 'admin');
INSERT INTO `t_sys_dic` VALUES ('205', '86', '2017110', 'Test61', '2018-05-31 20:12:07', '2018-05-31 20:12:07', 'admin', 'admin');
INSERT INTO `t_sys_dic` VALUES ('207', '86', '2017111', 'Test62', '2018-05-31 20:12:07', '2018-05-31 20:12:07', 'admin', 'admin');
INSERT INTO `t_sys_dic` VALUES ('209', '85', '2017112', 'Test63', '2018-05-31 20:12:07', '2018-05-31 20:12:07', 'admin', 'admin');
INSERT INTO `t_sys_dic` VALUES ('211', '85', '2017113', 'Test64', '2018-05-31 20:12:07', '2018-05-31 20:12:07', 'admin', 'admin');
INSERT INTO `t_sys_dic` VALUES ('212', '90', '2017114', 'Test65', '2018-05-31 20:12:07', '2018-05-31 20:12:07', 'admin', 'admin');
INSERT INTO `t_sys_dic` VALUES ('213', '90', '2017115', 'Test66', '2018-05-31 20:12:07', '2018-05-31 20:12:07', 'admin', 'admin');
INSERT INTO `t_sys_dic` VALUES ('214', '90', '2017116', 'Test67', '2018-05-31 20:12:07', '2018-05-31 20:12:07', 'admin', 'admin');
INSERT INTO `t_sys_dic` VALUES ('215', '90', '2017117', 'Test68', '2018-05-31 20:12:07', '2018-05-31 20:12:07', 'admin', 'admin');
INSERT INTO `t_sys_dic` VALUES ('216', '90', '2017118', 'Test69', '2018-05-31 20:12:07', '2018-05-31 20:12:07', 'admin', 'admin');
INSERT INTO `t_sys_dic` VALUES ('217', '90', '2017119', 'Test70', '2018-05-31 20:12:07', '2018-05-31 20:12:07', 'admin', 'admin');
INSERT INTO `t_sys_dic` VALUES ('218', '90', '2017120', 'Test71', '2018-05-31 20:12:07', '2018-05-31 20:12:07', 'admin', 'admin');
INSERT INTO `t_sys_dic` VALUES ('219', '90', '2017121', 'Test72', '2018-05-31 20:12:07', '2018-05-31 20:12:07', 'admin', 'admin');
INSERT INTO `t_sys_dic` VALUES ('220', '90', '2017122', 'Test73', '2018-05-31 20:12:07', '2018-05-31 20:12:07', 'admin', 'admin');
INSERT INTO `t_sys_dic` VALUES ('258', '127', '2017123', 'Test74', '2018-05-31 20:12:07', '2018-05-31 20:12:07', 'admin', 'admin');
INSERT INTO `t_sys_dic` VALUES ('305', '127', '2017124', 'Test75', '2018-05-31 20:12:07', '2018-05-31 20:12:07', 'admin', 'admin');
INSERT INTO `t_sys_dic` VALUES ('306', '127', '2017125', 'Test76', '2018-05-31 20:12:07', '2018-05-31 20:12:07', 'admin', 'admin');
INSERT INTO `t_sys_dic` VALUES ('307', '127', '2017126', 'Test77', '2018-05-31 20:12:07', '2018-05-31 20:12:07', 'admin', 'admin');
INSERT INTO `t_sys_dic` VALUES ('308', '127', '2017127', 'Test78', '2018-05-31 20:12:07', '2018-05-31 20:12:07', 'admin', 'admin');
INSERT INTO `t_sys_dic` VALUES ('309', '127', '2017128', 'Test79', '2018-05-31 20:12:07', '2018-05-31 20:12:07', 'admin', 'admin');
INSERT INTO `t_sys_dic` VALUES ('310', '127', '2017129', 'Test80', '2018-05-31 20:12:07', '2018-05-31 20:12:07', 'admin', 'admin');
INSERT INTO `t_sys_dic` VALUES ('311', '127', '2017130', 'Test81', '2018-05-31 20:12:07', '2018-05-31 20:12:07', 'admin', 'admin');
INSERT INTO `t_sys_dic` VALUES ('312', '127', '2017131', 'Test82', '2018-05-31 20:12:07', '2018-05-31 20:12:07', 'admin', 'admin');

-- ----------------------------
-- Table structure for t_sys_enterprise
-- ----------------------------
DROP TABLE IF EXISTS `t_sys_enterprise`;
CREATE TABLE `t_sys_enterprise` (
  `id` bigint(20) NOT NULL AUTO_INCREMENT COMMENT '主键ID',
  `enterprise_name` varchar(255) DEFAULT NULL COMMENT '企业名称',
  `industry_code` varchar(20) DEFAULT NULL COMMENT '所属行业',
  `area_code` varchar(20) DEFAULT NULL COMMENT '所属区域',
  `main_person` varchar(255) DEFAULT NULL COMMENT '企业负责人姓名',
  `main_person_mobile` varchar(12) DEFAULT NULL COMMENT '企业负责人移动电话号码',
  `safe_person` varchar(255) DEFAULT NULL COMMENT '企业安全负责人姓名',
  `safe_person_mobile` varchar(12) DEFAULT NULL COMMENT '企业安全负责人移动电话号码',
  `create_time` datetime DEFAULT NULL COMMENT '记录创建时间',
  `update_time` datetime DEFAULT NULL COMMENT '记录最后修改时间',
  `create_user` varchar(20) DEFAULT NULL COMMENT '记录创建者(用户)',
  `update_user` varchar(20) DEFAULT NULL COMMENT '记录最后修改者(用户)',
  `risk_model` varchar(255) DEFAULT NULL COMMENT '风险模型类型',
  PRIMARY KEY (`id`)
) ENGINE=InnoDB AUTO_INCREMENT=2 DEFAULT CHARSET=utf8 COMMENT='企业信息表';

-- ----------------------------
-- Records of t_sys_enterprise
-- ----------------------------
INSERT INTO `t_sys_enterprise` VALUES ('1', '测试企业', '85', '59', '测试人', '13888888888', '测试人', '13888888888', '2018-05-30 14:28:38', '2018-05-31 19:50:45', 'admin', 'admin', '115');

-- ----------------------------
-- Table structure for t_sys_log
-- ----------------------------
DROP TABLE IF EXISTS `t_sys_log`;
CREATE TABLE `t_sys_log` (
  `id` bigint(19) NOT NULL AUTO_INCREMENT COMMENT '主键id',
  `login_name` varchar(255) DEFAULT NULL COMMENT '登陆名',
  `role_name` varchar(255) DEFAULT NULL COMMENT '角色名',
  `class_name` varchar(1024) DEFAULT NULL COMMENT '类名',
  `method` varchar(1024) DEFAULT NULL COMMENT '请求方法',
  `params` varchar(1024) DEFAULT NULL COMMENT '请求参数',
  `time` bigint(19) DEFAULT NULL COMMENT '执行时长',
  `client_ip` varchar(255) DEFAULT NULL COMMENT '客户端ip',
  `create_time` datetime NOT NULL COMMENT '创建时间',
  PRIMARY KEY (`id`)
) ENGINE=InnoDB AUTO_INCREMENT=453 DEFAULT CHARSET=utf8 COMMENT='系统日志';

-- ----------------------------
-- Records of t_sys_log
-- ----------------------------

-- ----------------------------
-- Table structure for t_sys_organization
-- ----------------------------
DROP TABLE IF EXISTS `t_sys_organization`;
CREATE TABLE `t_sys_organization` (
  `id` bigint(20) NOT NULL AUTO_INCREMENT COMMENT '主键id',
  `name` varchar(64) NOT NULL COMMENT '组织名',
  `address` varchar(100) DEFAULT NULL COMMENT '地址',
  `code` varchar(64) NOT NULL COMMENT '编号',
  `icon` varchar(32) DEFAULT NULL COMMENT '图标',
  `pid` bigint(20) DEFAULT NULL COMMENT '父级主键',
  `seq` tinyint(4) NOT NULL DEFAULT '0' COMMENT '排序',
  `create_time` datetime NOT NULL ON UPDATE CURRENT_TIMESTAMP COMMENT '记录创建时间',
  `update_time` datetime NOT NULL ON UPDATE CURRENT_TIMESTAMP COMMENT '记录最后修改时间',
  PRIMARY KEY (`id`)
) ENGINE=InnoDB AUTO_INCREMENT=7 DEFAULT CHARSET=utf8 COMMENT='组织机构';

-- ----------------------------
-- Records of t_sys_organization
-- ----------------------------
INSERT INTO `t_sys_organization` VALUES ('1', '总经办', '', '01', 'fi-social-windows', '0', '0', '2018-05-04 17:16:43', '2018-05-04 17:16:43');
INSERT INTO `t_sys_organization` VALUES ('3', '技术部', '', '02', 'fi-social-github', '0', '1', '2018-05-04 17:16:44', '2018-05-04 17:16:44');
INSERT INTO `t_sys_organization` VALUES ('5', '产品部', '', '03', 'fi-social-apple', '0', '2', '2018-05-04 17:16:49', '2018-05-04 17:16:49');
INSERT INTO `t_sys_organization` VALUES ('6', '测试组', '', '04', 'fi-social-snapchat', '3', '0', '2018-04-26 10:18:55', '2018-04-26 10:18:55');

-- ----------------------------
-- Table structure for t_sys_resource
-- ----------------------------
DROP TABLE IF EXISTS `t_sys_resource`;
CREATE TABLE `t_sys_resource` (
  `id` bigint(20) NOT NULL AUTO_INCREMENT COMMENT '主键',
  `name` varchar(64) NOT NULL COMMENT '资源名称',
  `url` varchar(100) DEFAULT NULL COMMENT '资源路径',
  `open_mode` varchar(32) DEFAULT NULL COMMENT '打开方式 ajax,iframe',
  `description` varchar(255) DEFAULT NULL COMMENT '资源介绍',
  `icon` varchar(32) DEFAULT NULL COMMENT '资源图标',
  `pid` bigint(19) DEFAULT NULL COMMENT '父级资源id',
  `seq` tinyint(4) NOT NULL DEFAULT '0' COMMENT '排序',
  `status` tinyint(4) NOT NULL DEFAULT '0' COMMENT '状态',
  `opened` tinyint(4) NOT NULL DEFAULT '1' COMMENT '打开状态',
  `resource_type` tinyint(4) NOT NULL DEFAULT '0' COMMENT '资源类别',
  `create_time` datetime NOT NULL ON UPDATE CURRENT_TIMESTAMP COMMENT '记录创建时间',
  `update_time` datetime NOT NULL ON UPDATE CURRENT_TIMESTAMP COMMENT '记录最后修改时间',
  PRIMARY KEY (`id`)
) ENGINE=InnoDB AUTO_INCREMENT=250 DEFAULT CHARSET=utf8 COMMENT='资源';

-- ----------------------------
-- Records of t_sys_resource
-- ----------------------------
INSERT INTO `t_sys_resource` VALUES ('1', '系统管理', '', '', '系统管理', 'fa fa-cutlery', '0', '2', '0', '1', '0', '2018-05-08 11:55:46', '2018-05-08 11:55:46');
INSERT INTO `t_sys_resource` VALUES ('11', '资源管理', '/resource/manager', 'ajax', '资源管理', '', '1', '3', '0', '1', '0', '2018-05-07 17:20:36', '2018-05-07 17:20:36');
INSERT INTO `t_sys_resource` VALUES ('12', '角色管理', '/role/manager', 'ajax', '角色管理', '', '1', '2', '0', '1', '0', '2018-05-07 17:20:38', '2018-05-07 17:20:38');
INSERT INTO `t_sys_resource` VALUES ('13', '用户管理', '/user/manager', 'ajax', '用户管理', '', '1', '1', '0', '1', '0', '2018-05-07 17:20:39', '2018-05-07 17:20:39');
INSERT INTO `t_sys_resource` VALUES ('14', '部门管理', '/organization/manager', 'ajax', '部门管理', '', '1', '4', '0', '1', '0', '2018-05-07 17:21:14', '2018-05-07 17:21:14');
INSERT INTO `t_sys_resource` VALUES ('111', '列表', '/resource/treeGrid', 'ajax', '资源列表', '', '11', '1', '0', '1', '1', '2018-06-01 15:56:32', '2018-06-01 15:56:32');
INSERT INTO `t_sys_resource` VALUES ('112', '添加', '/resource/add', 'ajax', '资源添加', '', '11', '2', '0', '1', '1', '2018-06-01 15:56:34', '2018-06-01 15:56:34');
INSERT INTO `t_sys_resource` VALUES ('113', '编辑', '/resource/edit', 'ajax', '资源编辑', '', '11', '3', '0', '1', '1', '2018-06-01 15:56:36', '2018-06-01 15:56:36');
INSERT INTO `t_sys_resource` VALUES ('114', '删除', '/resource/delete', 'ajax', '资源删除', '', '11', '4', '0', '1', '1', '2018-06-01 15:56:38', '2018-06-01 15:56:38');
INSERT INTO `t_sys_resource` VALUES ('121', '列表', '/role/dataGrid', 'ajax', '角色列表', '', '12', '1', '0', '1', '1', '2018-06-01 15:56:47', '2018-06-01 15:56:47');
INSERT INTO `t_sys_resource` VALUES ('122', '添加', '/role/add', 'ajax', '角色添加', '', '12', '2', '0', '1', '1', '2018-06-01 15:56:48', '2018-06-01 15:56:48');
INSERT INTO `t_sys_resource` VALUES ('123', '编辑', '/role/edit', 'ajax', '角色编辑', '', '12', '3', '0', '1', '1', '2018-06-01 15:56:51', '2018-06-01 15:56:51');
INSERT INTO `t_sys_resource` VALUES ('124', '删除', '/role/delete', 'ajax', '角色删除', '', '12', '4', '0', '1', '1', '2018-06-01 15:56:53', '2018-06-01 15:56:53');
INSERT INTO `t_sys_resource` VALUES ('125', '授权', '/role/grant', 'ajax', '角色授权', '', '12', '5', '0', '1', '1', '2018-06-01 15:56:55', '2018-06-01 15:56:55');
INSERT INTO `t_sys_resource` VALUES ('131', '列表', '/user/dataGrid', 'ajax', '用户列表', '', '13', '1', '0', '1', '1', '2018-06-01 15:46:37', '2018-06-01 15:46:37');
INSERT INTO `t_sys_resource` VALUES ('132', '添加', '/user/add', 'ajax', '用户添加', '', '13', '2', '0', '1', '1', '2018-06-01 15:46:40', '2018-06-01 15:46:40');
INSERT INTO `t_sys_resource` VALUES ('133', '编辑', '/user/edit', 'ajax', '用户编辑', '', '13', '3', '0', '1', '1', '2018-06-01 15:46:42', '2018-06-01 15:46:42');
INSERT INTO `t_sys_resource` VALUES ('134', '删除', '/user/delete', 'ajax', '用户删除', '', '13', '4', '0', '1', '1', '2018-06-01 15:46:45', '2018-06-01 15:46:45');
INSERT INTO `t_sys_resource` VALUES ('141', '列表', '/organization/treeGrid', 'ajax', '用户列表', '', '14', '1', '0', '1', '1', '2018-06-01 15:57:02', '2018-06-01 15:57:02');
INSERT INTO `t_sys_resource` VALUES ('142', '添加', '/organization/add', 'ajax', '部门添加', '', '14', '2', '0', '1', '1', '2018-06-01 15:57:03', '2018-06-01 15:57:03');
INSERT INTO `t_sys_resource` VALUES ('143', '编辑', '/organization/edit', 'ajax', '部门编辑', '', '14', '3', '0', '1', '1', '2018-06-01 15:57:05', '2018-06-01 15:57:05');
INSERT INTO `t_sys_resource` VALUES ('144', '删除', '/organization/delete', 'ajax', '部门删除', '', '14', '4', '0', '1', '1', '2018-06-01 15:57:09', '2018-06-01 15:57:09');
INSERT INTO `t_sys_resource` VALUES ('227', '操作日志', '/sysLog/manager', 'ajax', '操作日志', '', '1', '7', '0', '1', '0', '2018-05-31 19:01:27', '2018-05-31 19:01:27');
INSERT INTO `t_sys_resource` VALUES ('228', 'Druid监控', '/druid', 'ajax', 'Druid监控', '', '1', '8', '0', '1', '0', '2018-05-31 19:01:31', '2018-05-31 19:01:31');
INSERT INTO `t_sys_resource` VALUES ('234', '字典管理', '/dic/manager', 'ajax', '字典管理', '', '1', '5', '0', '1', '0', '2018-05-31 19:01:35', '2018-05-31 19:01:35');
INSERT INTO `t_sys_resource` VALUES ('235', '数据字典列表', '/dic/treeGrid', 'ajax', '数据字典列表', '', '234', '0', '0', '1', '1', '2018-05-07 17:22:02', '2018-05-07 17:22:02');
INSERT INTO `t_sys_resource` VALUES ('236', '添加', '/dic/add', 'ajax', '添加', '', '234', '1', '0', '1', '1', '2018-05-31 19:01:40', '2018-05-31 19:01:40');
INSERT INTO `t_sys_resource` VALUES ('237', '编辑', '/dic/edit', 'ajax', '编辑', '', '234', '2', '0', '1', '1', '2018-05-31 19:01:44', '2018-05-31 19:01:44');
INSERT INTO `t_sys_resource` VALUES ('238', '删除', '/dic/delete', 'ajax', '删除', '', '234', '3', '0', '1', '1', '2018-05-31 19:01:48', '2018-05-31 19:01:48');
INSERT INTO `t_sys_resource` VALUES ('243', '企业管理', '/enterprise/manager', 'ajax', '企业管理', 'fa fa fa-bar-chart-o', '0', '1', '0', '1', '0', '2018-05-07 23:05:59', '2018-05-07 23:05:59');
INSERT INTO `t_sys_resource` VALUES ('244', '定时任务管理', '/schedule/manager', 'ajax', '定时任务管理', null, '1', '6', '0', '1', '0', '2018-05-31 18:59:21', '2018-05-31 18:59:23');
INSERT INTO `t_sys_resource` VALUES ('245', '添加', '/enterprise/add', 'ajax', '企业添加', null, '243', '1', '0', '1', '1', '2018-06-01 15:41:36', '2018-06-01 15:41:36');
INSERT INTO `t_sys_resource` VALUES ('246', '编辑', '/enterprise/edit', 'ajax', '企业编辑', null, '243', '2', '0', '1', '1', '2018-06-01 15:41:26', '2018-06-01 15:41:26');
INSERT INTO `t_sys_resource` VALUES ('247', '删除', '/enterprise/delete', 'ajax', '企业删除', null, '243', '3', '0', '1', '1', '2018-06-01 15:41:32', '2018-06-01 15:41:32');
INSERT INTO `t_sys_resource` VALUES ('248', '重置密码', '/user/reset', 'ajax', '重置密码', null, '13', '5', '0', '1', '1', '2018-06-01 15:46:51', '2018-06-01 15:46:51');
INSERT INTO `t_sys_resource` VALUES ('249', '分配角色', 'roleAssign', 'ajax', '分配角色', null, '13', '6', '0', '1', '1', '2018-06-01 15:58:55', '2018-06-01 15:58:57');

-- ----------------------------
-- Table structure for t_sys_role
-- ----------------------------
DROP TABLE IF EXISTS `t_sys_role`;
CREATE TABLE `t_sys_role` (
  `id` bigint(20) NOT NULL AUTO_INCREMENT COMMENT '主键id',
  `name` varchar(64) NOT NULL COMMENT '角色名',
  `seq` tinyint(2) NOT NULL DEFAULT '0' COMMENT '排序号',
  `description` varchar(255) DEFAULT NULL COMMENT '简介',
  `status` tinyint(2) NOT NULL DEFAULT '0' COMMENT '状态',
  `create_time` datetime NOT NULL ON UPDATE CURRENT_TIMESTAMP COMMENT '记录创建时间',
  `update_time` datetime NOT NULL ON UPDATE CURRENT_TIMESTAMP COMMENT '记录最后修改时间',
  PRIMARY KEY (`id`)
) ENGINE=InnoDB AUTO_INCREMENT=10 DEFAULT CHARSET=utf8 COMMENT='角色';

-- ----------------------------
-- Records of t_sys_role
-- ----------------------------
INSERT INTO `t_sys_role` VALUES ('1', 'admin', '0', '超级管理员', '0', '2018-04-26 10:14:39', '2018-04-26 10:14:38');
INSERT INTO `t_sys_role` VALUES ('2', 'de', '0', '技术部经理', '0', '2018-04-26 10:14:48', '2018-04-26 10:14:51');
INSERT INTO `t_sys_role` VALUES ('7', 'pm', '0', '产品部经理', '0', '2018-04-26 10:14:43', '2018-04-26 10:14:41');
INSERT INTO `t_sys_role` VALUES ('8', 'test', '0', '测试账户', '0', '2018-04-26 10:14:46', '2018-04-26 10:14:44');
INSERT INTO `t_sys_role` VALUES ('9', 'test2', '9', '测试', '1', '2018-05-05 16:31:06', '2018-05-05 16:31:08');

-- ----------------------------
-- Table structure for t_sys_role_resource
-- ----------------------------
DROP TABLE IF EXISTS `t_sys_role_resource`;
CREATE TABLE `t_sys_role_resource` (
  `id` bigint(20) NOT NULL AUTO_INCREMENT COMMENT '主键id',
  `role_id` bigint(20) NOT NULL COMMENT '角色id',
  `resource_id` bigint(20) NOT NULL COMMENT '资源id',
  PRIMARY KEY (`id`),
  KEY `idx_role_resource_ids` (`role_id`,`resource_id`) USING BTREE
) ENGINE=InnoDB AUTO_INCREMENT=816 DEFAULT CHARSET=utf8 COMMENT='角色资源';

-- ----------------------------
-- Records of t_sys_role_resource
-- ----------------------------
INSERT INTO `t_sys_role_resource` VALUES ('705', '1', '1');
INSERT INTO `t_sys_role_resource` VALUES ('706', '1', '11');
INSERT INTO `t_sys_role_resource` VALUES ('711', '1', '12');
INSERT INTO `t_sys_role_resource` VALUES ('717', '1', '13');
INSERT INTO `t_sys_role_resource` VALUES ('722', '1', '14');
INSERT INTO `t_sys_role_resource` VALUES ('707', '1', '111');
INSERT INTO `t_sys_role_resource` VALUES ('708', '1', '112');
INSERT INTO `t_sys_role_resource` VALUES ('709', '1', '113');
INSERT INTO `t_sys_role_resource` VALUES ('710', '1', '114');
INSERT INTO `t_sys_role_resource` VALUES ('712', '1', '121');
INSERT INTO `t_sys_role_resource` VALUES ('713', '1', '122');
INSERT INTO `t_sys_role_resource` VALUES ('714', '1', '123');
INSERT INTO `t_sys_role_resource` VALUES ('715', '1', '124');
INSERT INTO `t_sys_role_resource` VALUES ('716', '1', '125');
INSERT INTO `t_sys_role_resource` VALUES ('718', '1', '131');
INSERT INTO `t_sys_role_resource` VALUES ('719', '1', '132');
INSERT INTO `t_sys_role_resource` VALUES ('720', '1', '133');
INSERT INTO `t_sys_role_resource` VALUES ('721', '1', '134');
INSERT INTO `t_sys_role_resource` VALUES ('723', '1', '141');
INSERT INTO `t_sys_role_resource` VALUES ('724', '1', '142');
INSERT INTO `t_sys_role_resource` VALUES ('725', '1', '143');
INSERT INTO `t_sys_role_resource` VALUES ('726', '1', '144');
INSERT INTO `t_sys_role_resource` VALUES ('736', '1', '221');
INSERT INTO `t_sys_role_resource` VALUES ('744', '1', '226');
INSERT INTO `t_sys_role_resource` VALUES ('737', '1', '227');
INSERT INTO `t_sys_role_resource` VALUES ('738', '1', '228');
INSERT INTO `t_sys_role_resource` VALUES ('727', '1', '234');
INSERT INTO `t_sys_role_resource` VALUES ('728', '1', '235');
INSERT INTO `t_sys_role_resource` VALUES ('729', '1', '236');
INSERT INTO `t_sys_role_resource` VALUES ('730', '1', '237');
INSERT INTO `t_sys_role_resource` VALUES ('731', '1', '238');
INSERT INTO `t_sys_role_resource` VALUES ('732', '1', '239');
INSERT INTO `t_sys_role_resource` VALUES ('733', '1', '240');
INSERT INTO `t_sys_role_resource` VALUES ('734', '1', '241');
INSERT INTO `t_sys_role_resource` VALUES ('735', '1', '242');
INSERT INTO `t_sys_role_resource` VALUES ('437', '2', '1');
INSERT INTO `t_sys_role_resource` VALUES ('438', '2', '13');
INSERT INTO `t_sys_role_resource` VALUES ('439', '2', '131');
INSERT INTO `t_sys_role_resource` VALUES ('440', '2', '132');
INSERT INTO `t_sys_role_resource` VALUES ('441', '2', '133');
INSERT INTO `t_sys_role_resource` VALUES ('445', '2', '221');
INSERT INTO `t_sys_role_resource` VALUES ('446', '2', '227');
INSERT INTO `t_sys_role_resource` VALUES ('447', '2', '228');
INSERT INTO `t_sys_role_resource` VALUES ('158', '3', '1');
INSERT INTO `t_sys_role_resource` VALUES ('159', '3', '11');
INSERT INTO `t_sys_role_resource` VALUES ('164', '3', '12');
INSERT INTO `t_sys_role_resource` VALUES ('170', '3', '13');
INSERT INTO `t_sys_role_resource` VALUES ('175', '3', '14');
INSERT INTO `t_sys_role_resource` VALUES ('160', '3', '111');
INSERT INTO `t_sys_role_resource` VALUES ('161', '3', '112');
INSERT INTO `t_sys_role_resource` VALUES ('162', '3', '113');
INSERT INTO `t_sys_role_resource` VALUES ('163', '3', '114');
INSERT INTO `t_sys_role_resource` VALUES ('165', '3', '121');
INSERT INTO `t_sys_role_resource` VALUES ('166', '3', '122');
INSERT INTO `t_sys_role_resource` VALUES ('167', '3', '123');
INSERT INTO `t_sys_role_resource` VALUES ('168', '3', '124');
INSERT INTO `t_sys_role_resource` VALUES ('169', '3', '125');
INSERT INTO `t_sys_role_resource` VALUES ('171', '3', '131');
INSERT INTO `t_sys_role_resource` VALUES ('172', '3', '132');
INSERT INTO `t_sys_role_resource` VALUES ('173', '3', '133');
INSERT INTO `t_sys_role_resource` VALUES ('174', '3', '134');
INSERT INTO `t_sys_role_resource` VALUES ('176', '3', '141');
INSERT INTO `t_sys_role_resource` VALUES ('177', '3', '142');
INSERT INTO `t_sys_role_resource` VALUES ('178', '3', '143');
INSERT INTO `t_sys_role_resource` VALUES ('179', '3', '144');
INSERT INTO `t_sys_role_resource` VALUES ('359', '7', '1');
INSERT INTO `t_sys_role_resource` VALUES ('360', '7', '14');
INSERT INTO `t_sys_role_resource` VALUES ('361', '7', '141');
INSERT INTO `t_sys_role_resource` VALUES ('362', '7', '142');
INSERT INTO `t_sys_role_resource` VALUES ('363', '7', '143');
INSERT INTO `t_sys_role_resource` VALUES ('367', '7', '221');
INSERT INTO `t_sys_role_resource` VALUES ('368', '7', '226');
INSERT INTO `t_sys_role_resource` VALUES ('448', '8', '1');
INSERT INTO `t_sys_role_resource` VALUES ('449', '8', '11');
INSERT INTO `t_sys_role_resource` VALUES ('451', '8', '12');
INSERT INTO `t_sys_role_resource` VALUES ('453', '8', '13');
INSERT INTO `t_sys_role_resource` VALUES ('455', '8', '14');
INSERT INTO `t_sys_role_resource` VALUES ('450', '8', '111');
INSERT INTO `t_sys_role_resource` VALUES ('452', '8', '121');
INSERT INTO `t_sys_role_resource` VALUES ('454', '8', '131');
INSERT INTO `t_sys_role_resource` VALUES ('456', '8', '141');
INSERT INTO `t_sys_role_resource` VALUES ('460', '8', '221');
INSERT INTO `t_sys_role_resource` VALUES ('461', '8', '227');
INSERT INTO `t_sys_role_resource` VALUES ('462', '8', '228');
INSERT INTO `t_sys_role_resource` VALUES ('745', '9', '1');
INSERT INTO `t_sys_role_resource` VALUES ('747', '9', '11');
INSERT INTO `t_sys_role_resource` VALUES ('757', '9', '12');
INSERT INTO `t_sys_role_resource` VALUES ('769', '9', '13');
INSERT INTO `t_sys_role_resource` VALUES ('779', '9', '14');
INSERT INTO `t_sys_role_resource` VALUES ('749', '9', '111');
INSERT INTO `t_sys_role_resource` VALUES ('751', '9', '112');
INSERT INTO `t_sys_role_resource` VALUES ('753', '9', '113');
INSERT INTO `t_sys_role_resource` VALUES ('755', '9', '114');
INSERT INTO `t_sys_role_resource` VALUES ('759', '9', '121');
INSERT INTO `t_sys_role_resource` VALUES ('761', '9', '122');
INSERT INTO `t_sys_role_resource` VALUES ('763', '9', '123');
INSERT INTO `t_sys_role_resource` VALUES ('765', '9', '124');
INSERT INTO `t_sys_role_resource` VALUES ('767', '9', '125');
INSERT INTO `t_sys_role_resource` VALUES ('771', '9', '131');
INSERT INTO `t_sys_role_resource` VALUES ('773', '9', '132');
INSERT INTO `t_sys_role_resource` VALUES ('775', '9', '133');
INSERT INTO `t_sys_role_resource` VALUES ('777', '9', '134');
INSERT INTO `t_sys_role_resource` VALUES ('781', '9', '141');
INSERT INTO `t_sys_role_resource` VALUES ('783', '9', '142');
INSERT INTO `t_sys_role_resource` VALUES ('785', '9', '143');
INSERT INTO `t_sys_role_resource` VALUES ('787', '9', '144');
INSERT INTO `t_sys_role_resource` VALUES ('789', '9', '221');
INSERT INTO `t_sys_role_resource` VALUES ('791', '9', '227');
INSERT INTO `t_sys_role_resource` VALUES ('793', '9', '228');
INSERT INTO `t_sys_role_resource` VALUES ('797', '9', '234');
INSERT INTO `t_sys_role_resource` VALUES ('799', '9', '235');
INSERT INTO `t_sys_role_resource` VALUES ('801', '9', '236');
INSERT INTO `t_sys_role_resource` VALUES ('803', '9', '237');
INSERT INTO `t_sys_role_resource` VALUES ('805', '9', '238');
INSERT INTO `t_sys_role_resource` VALUES ('807', '9', '239');
INSERT INTO `t_sys_role_resource` VALUES ('809', '9', '240');
INSERT INTO `t_sys_role_resource` VALUES ('811', '9', '241');
INSERT INTO `t_sys_role_resource` VALUES ('813', '9', '242');
INSERT INTO `t_sys_role_resource` VALUES ('815', '9', '243');

-- ----------------------------
-- Table structure for t_sys_schedule
-- ----------------------------
DROP TABLE IF EXISTS `t_sys_schedule`;
CREATE TABLE `t_sys_schedule` (
  `id` bigint(20) NOT NULL,
  `type` varchar(255) DEFAULT NULL COMMENT '任务类别',
  `schedule_code` varchar(20) DEFAULT NULL COMMENT '任务代码（对应计算规则分类代码(取变量表的配置)）',
  `schedule_name` varchar(255) DEFAULT NULL COMMENT '任务名称',
  `expression` varchar(20) DEFAULT NULL COMMENT '任务调度表达式',
  `update_time` datetime DEFAULT NULL COMMENT '记录最后修改时间',
  `update_user` varchar(20) DEFAULT NULL COMMENT '记录最后修改者（用户）',
  PRIMARY KEY (`id`)
) ENGINE=InnoDB DEFAULT CHARSET=utf8 COMMENT='定时任务配置表';

-- ----------------------------
-- Records of t_sys_schedule
-- ----------------------------

-- ----------------------------
-- Table structure for t_sys_user
-- ----------------------------
DROP TABLE IF EXISTS `t_sys_user`;
CREATE TABLE `t_sys_user` (
  `id` bigint(20) NOT NULL AUTO_INCREMENT COMMENT '主键id',
  `login_name` varchar(64) NOT NULL COMMENT '登陆名',
  `name` varchar(64) NOT NULL COMMENT '用户名',
  `password` varchar(64) NOT NULL COMMENT '密码',
  `salt` varchar(36) DEFAULT NULL COMMENT '密码加密盐',
  `sex` tinyint(4) NOT NULL DEFAULT '0' COMMENT '性别',
  `age` tinyint(4) DEFAULT '0' COMMENT '年龄',
  `phone` varchar(20) DEFAULT NULL COMMENT '手机号',
  `email` varchar(255) DEFAULT NULL,
  `user_type` tinyint(4) NOT NULL DEFAULT '0' COMMENT '用户类别',
  `status` tinyint(4) NOT NULL DEFAULT '0' COMMENT '用户状态(0-正常，1-不正常)',
  `expired` tinyint(4) DEFAULT '0' COMMENT '过期字段（0-不过期，1-过期）',
  `organization_id` bigint(20) DEFAULT '0' COMMENT '所属机构',
  `enterprise_id` bigint(20) DEFAULT NULL,
  `create_time` datetime NOT NULL ON UPDATE CURRENT_TIMESTAMP COMMENT '记录创建时间',
  `update_time` datetime NOT NULL ON UPDATE CURRENT_TIMESTAMP COMMENT '记录最后修改时间',
  PRIMARY KEY (`id`),
  UNIQUE KEY `IDx_user_login_name` (`login_name`) USING BTREE
) ENGINE=InnoDB AUTO_INCREMENT=16 DEFAULT CHARSET=utf8 COMMENT='用户';

-- ----------------------------
-- Records of t_sys_user
-- ----------------------------
INSERT INTO `t_sys_user` VALUES ('1', 'admin', 'admin', '4a496ba2a4172c71540fa643ddc8bb7c', 'b4752b4b73034de06afb2db30fe19061', '0', '25', '18707173376', '674717739@qq.com', '0', '0', '0', '1', '1', '2018-05-07 20:37:33', '2018-05-07 20:37:33');
INSERT INTO `t_sys_user` VALUES ('13', 'snoopy', 'snoopy', '05a671c66aefea124cc08b76ea6d30bb', 'test', '0', '25', '18707173376', null, '1', '0', '0', '3', '1', '2018-05-31 19:43:22', '2018-05-31 19:43:22');
INSERT INTO `t_sys_user` VALUES ('14', 'dreamlu', 'dreamlu', '05a671c66aefea124cc08b76ea6d30bb', 'test', '0', '25', '18707173376', null, '1', '0', '0', '5', '1', '2018-05-31 19:43:23', '2018-05-31 19:43:23');
INSERT INTO `t_sys_user` VALUES ('15', 'test', 'test', '05a671c66aefea124cc08b76ea6d30bb', 'test', '0', '25', '18707173376', null, '1', '0', '0', '6', '1', '2018-05-31 19:43:25', '2018-05-31 19:43:25');

-- ----------------------------
-- Table structure for t_sys_user_question
-- ----------------------------
DROP TABLE IF EXISTS `t_sys_user_question`;
CREATE TABLE `t_sys_user_question` (
  `USERNAME` varchar(30) NOT NULL,
  `QUESTION` varchar(200) NOT NULL,
  `ANSWER` varchar(100) NOT NULL
) ENGINE=InnoDB DEFAULT CHARSET=utf8 COMMENT='密码重置问题表';

-- ----------------------------
-- Records of t_sys_user_question
-- ----------------------------
INSERT INTO `t_sys_user_question` VALUES ('admin', '使用过的密码是？', '123');
INSERT INTO `t_sys_user_question` VALUES ('admin', '你的年龄是？', '24');
INSERT INTO `t_sys_user_question` VALUES ('zhangsan', '我的名字是？', 'zhangsan');
INSERT INTO `t_sys_user_question` VALUES ('zhangsan', '我在哪里工作？', 'guangzhou');

-- ----------------------------
-- Table structure for t_sys_user_role
-- ----------------------------
DROP TABLE IF EXISTS `t_sys_user_role`;
CREATE TABLE `t_sys_user_role` (
  `id` bigint(20) NOT NULL AUTO_INCREMENT COMMENT '主键id',
  `user_id` bigint(20) NOT NULL COMMENT '用户id',
  `role_id` bigint(20) NOT NULL COMMENT '角色id',
  PRIMARY KEY (`id`),
  KEY `idx_user_role_ids` (`user_id`,`role_id`) USING BTREE
) ENGINE=InnoDB AUTO_INCREMENT=72 DEFAULT CHARSET=utf8 COMMENT='用户角色';

-- ----------------------------
-- Records of t_sys_user_role
-- ----------------------------
INSERT INTO `t_sys_user_role` VALUES ('60', '1', '1');
INSERT INTO `t_sys_user_role` VALUES ('61', '1', '2');
INSERT INTO `t_sys_user_role` VALUES ('62', '1', '7');
INSERT INTO `t_sys_user_role` VALUES ('65', '1', '8');
INSERT INTO `t_sys_user_role` VALUES ('67', '13', '2');
INSERT INTO `t_sys_user_role` VALUES ('69', '13', '7');
INSERT INTO `t_sys_user_role` VALUES ('71', '15', '2');
